,Ready to Approve and Pay,PROLIFIC_PID,session_id,status,started_datetime,completed_date_time,time_taken,age,num_approvals,num_rejections,prolific_score,reviewed_at_datetime,entered_code,Country of Birth,Current Country of Residence,Employment Status,First Language,Nationality,Sex,Student Status,Demographic,GROUP,Unnamed: 22,Unnamed: 23,Unnamed: 24,Unnamed: 25,Unnamed: 26,Unnamed: 27,Unnamed: 28
0,Rejected,88322546202981741,5ff4e3892b11a47874242111,AWAITING REVIEW,2021-01-05 22:14:33,2021-01-05 23:59:35,6302.158,44.0,2,0,100,,NOCODE,United States,,Full-Time,,United States,Male,,White/Caucasian,Black,,,,,,,
1,Paid,5159500001959917692,5ff4e472cd5d987a6504ab90,AWAITING REVIEW,2021-01-05 22:13:14,2021-01-05 22:20:53,459.009,36.0,24,1,99,,227331D3,United States,United States,Full-Time,DATA EXPIRED,United States,Male,No,White/Caucasian,White,,,,,,,
2,Paid,4731446000312896025,5ff4e4cffdb6e6c89f002b02,AWAITING REVIEW,2021-01-05 22:14:46,2021-01-05 22:27:15,749.005,40.0,312,4,99,,227331D3,United States,United States,Full-Time,English,United States,Male,No,White/Caucasian,White,,,,,,,
3,Paid,-8193973374504620967,5ff4e533c39215cacc9409b3,AWAITING REVIEW,2021-01-05 22:16:20,2021-01-05 22:25:45,565.235,29.0,118,0,100,,227331D3,United States,United States,Other,DATA EXPIRED,United States,Male,No,White/Caucasian,General,,,,,,,
4,RETURNED,-8021684737919007017,5ff4e756d92c4a48d5e10ed4,RETURNED,2021-01-05 22:25:26,,141195.3204,32.0,491,2,100,,,CONSENT REVOKED,CONSENT REVOKED,CONSENT REVOKED,CONSENT REVOKED,CONSENT REVOKED,CONSENT REVOKED,CONSENT REVOKED,CONSENT REVOKED,,,,,,,,
5,Paid,1966962703646994423,5ff4e7a23cc53cc84a79a3fe,AWAITING REVIEW,2021-01-05 22:26:48,2021-01-05 22:37:17,629.085,22.0,62,0,100,,227331D3,United States,United States,Part-Time,DATA EXPIRED,United States,Female,No,White/Caucasian,Black,,,,,,,
6,RETURNED,-3121658747031309852,5ff4e7c82fd45c7ca48fdece,RETURNED,2021-01-05 22:27:28,,141074.0854,65.0,776,1,100,,,CONSENT REVOKED,CONSENT REVOKED,CONSENT REVOKED,CONSENT REVOKED,CONSENT REVOKED,CONSENT REVOKED,CONSENT REVOKED,CONSENT REVOKED,White,,,,,,,
7,Paid,268556360125163698,5ff4e843705a1f79f233a49e,AWAITING REVIEW,2021-01-05 22:29:41,2021-01-05 22:57:12,1650.367,34.0,202,1,99,,227331D3,United States,United States,Part-Time,English,United States,Female,No,White/Caucasian,White,,,,,,,
8,Paid,9172868371757014594,5ff4e97250c73dc9d05de343,AWAITING REVIEW,2021-01-05 22:34:32,2021-01-05 22:50:15,942.75,20.0,4,0,100,,227331D3,United States,United States,Full-Time,,United States,Female,No,White/Caucasian,General,,,,,,,
9,RETURNED,4221822346646673176,5ff4eb808e8e877c462beb08,RETURNED,2021-01-05 22:54:00,,139482.2804,22.0,202,0,100,,,CONSENT REVOKED,CONSENT REVOKED,CONSENT REVOKED,CONSENT REVOKED,CONSENT REVOKED,CONSENT REVOKED,CONSENT REVOKED,CONSENT REVOKED,,,,,,,,
10,Paid,6545739931106973482,5ff4eb851d6cb4c90c32521f,AWAITING REVIEW,2021-01-05 22:43:20,2021-01-05 23:06:40,1399.884,39.0,165,2,98,,227331D3,United States,United States,Other,DATA EXPIRED,United States,Female,No,White/Caucasian,White,,,,,,,
11,RETURNED,-4978051476840997031,5ff4ebb2197628ca22d85e1e,RETURNED,2021-01-05 22:44:07,,140075.799,37.0,335,0,100,,,CONSENT REVOKED,CONSENT REVOKED,CONSENT REVOKED,CONSENT REVOKED,CONSENT REVOKED,CONSENT REVOKED,CONSENT REVOKED,CONSENT REVOKED,General,,,,,,,
12,Paid,753858499725912289,5ff4ec396a3657c9d7a3b532,AWAITING REVIEW,2021-01-05 22:46:43,2021-01-05 22:59:23,759.957,21.0,124,1,100,,227331D3,United States,United States,Unemployed (and job seeking),,United States,Female,Yes,White/Caucasian,Black,,,,,,,
13,Rejected,-1363097524760794191,5ff4ecdc9378617d39dadcd2,AWAITING REVIEW,2021-01-05 22:49:09,2021-01-06 0:01:06,4317.11,43.0,4,1,86,,NOCODE,United States,,Full-Time,,United States,Male,,White/Caucasian,Black,,,,,,,
14,Paid,8940492634790296937,5ff4ece4e66d7fc992c818ba,AWAITING REVIEW,2021-01-05 22:49:12,2021-01-05 23:04:54,941.197,30.0,6,0,100,,227331D3,United States,United States,Full-Time,,United States,Male,,White/Caucasian,Black,,,,,,,
15,Paid,-3430117813460948887,5ff4ed2343c578cc0d4ec647,AWAITING REVIEW,2021-01-05 22:50:15,2021-01-05 23:04:46,871.166,50.0,438,1,100,,227331D3,United States,United States,"Not in paid work (e.g. homemaker', 'retired or disabled)",English,United States,Female,No,White/Caucasian,White,,,,,,,
16,Paid,608993210216473250,5ff4ed36b0feb8cb30d773d3,AWAITING REVIEW,2021-01-05 22:50:30,2021-01-05 23:13:14,1363.957,28.0,264,0,100,,227331D3,United States,United States,Full-Time,English,United States,Female,No,White/Caucasian,General,,,,,,,
17,Paid,-7868030324266798049,5ff4ee3cb82e467ad096000a,AWAITING REVIEW,2021-01-05 22:55:00,2021-01-05 23:06:15,675.265,20.0,5,0,100,,NOCODE,United States,United States,Unemployed (and job seeking),,United States,Female,Yes,White/Caucasian,General,,,,,,,
18,TIMED-OUT,-2496490296059656336,5ff4ef0e0ad48bcac5539350,TIMED-OUT,2021-01-05 22:58:28,,139216.2696,46.0,6,1,77,,,,,Full-Time,,United States,Male,,White/Caucasian,General,,,,,,,
19,Paid,-7779687805176410114,5ff4ef7ee66d7fcb8ce6266e,AWAITING REVIEW,2021-01-05 23:00:24,2021-01-05 23:15:33,909.099,53.0,545,0,100,,227331D3,United States,United States,Other,English,United States,Female,No,White/Caucasian,White,,,,,,,
20,Paid,-248200779184602680,5ff4efa4b9b6097cf5869c83,AWAITING REVIEW,2021-01-05 23:01:00,2021-01-05 23:34:51,2030.828,31.0,79,1,98,,227331D3,United States,United States,Full-Time,English,United States,Male,No,White/Caucasian,Black,,,,,,,
21,Paid,-5986024854739980579,5ff4efae559f43cadfb2a6d3,AWAITING REVIEW,2021-01-05 23:01:07,2021-01-05 23:11:14,607.51,20.0,1,0,100,,227331D3,United States,United States,Other,,United States,Male,Yes,White/Caucasian,General,,,,,,,
22,Paid,1221580656128120527,5ff4efc5069e3bc3e39eb7b0,AWAITING REVIEW,2021-01-05 23:01:32,2021-01-05 23:07:44,372.79,33.0,561,0,100,,227331D3,United States,United States,Full-Time,English,United States,Female,Yes,White/Caucasian,Black,,,,,,,
23,Paid,-3574882592831873161,5ff4efd09f4b9ecc70051f48,AWAITING REVIEW,2021-01-05 23:01:37,2021-01-05 23:17:38,961.483,43.0,612,2,100,,227331D3,United States,United States,"Not in paid work (e.g. homemaker', 'retired or disabled)",English,United States,Female,No,White/Caucasian,White,,,,,,,
24,Rejected,-1621311711764335132,5ff4f0680ad48bca4bf1825d,AWAITING REVIEW,2021-01-05 23:05:21,2021-01-06 0:00:42,3320.432,43.0,5,1,86,,NOCODE,,,Full-Time,,United States,Male,,White/Caucasian,Black,,,,,,,
25,Paid,3271796297870739635,5ff4f08a3e41f74a8493d2d6,AWAITING REVIEW,2021-01-05 23:05:48,2021-01-05 23:53:33,2864.968,44.0,4,0,100,,227331D3,,,Full-Time,,United States,Male,,White/Caucasian,General,,,,,,,
26,RETURNED,7815472295084973396,5ff4f0f68f6210c578d59237,RETURNED,2021-01-05 23:06:35,,138731.377,29.0,598,6,98,,,CONSENT REVOKED,CONSENT REVOKED,CONSENT REVOKED,CONSENT REVOKED,CONSENT REVOKED,CONSENT REVOKED,CONSENT REVOKED,CONSENT REVOKED,White,,,,,,,
27,Paid,-2998165407055458239,5ff4f1518929f0ca3de8d89c,AWAITING REVIEW,2021-01-05 23:08:05,2021-01-05 23:17:22,556.878,28.0,436,2,100,,227331D3,United States,United States,Other,English,United States,Female,No,White/Caucasian,Black,,,,,,,
28,Paid,-4751837712992369423,5ff4f182e766bbcd425d7347,AWAITING REVIEW,2021-01-05 23:08:50,2021-01-05 23:17:04,493.816,47.0,121,2,99,,227331D3,United States,United States,Unemployed (and job seeking),English,United States,Male,No,White/Caucasian,General,,,,,,,
29,Paid,-3726205803348104530,5ff4f18360d5fb7c39ffd2c4,AWAITING REVIEW,2021-01-05 23:08:57,2021-01-05 23:19:33,636.472,37.0,112,0,100,,5fac81997dc9eb28a3ad0530,United States,United States,Full-Time,DATA EXPIRED,United States,Female,No,White/Caucasian,White,,,,,,,
30,Paid,3713547741554716169,5ff4f19350a719c5af9dfe01,AWAITING REVIEW,2021-01-05 23:09:18,2021-01-05 23:39:10,1792.345,48.0,5,0,100,,227331D3,,,Full-Time,,United States,Female,,White/Caucasian,White,,,,,,,
31,Paid,-6171307421215496171,5ff4f196b0feb8cc22239e2f,AWAITING REVIEW,2021-01-05 23:09:13,2021-01-05 23:17:02,468.466,20.0,101,2,99,,227331D3,United States,United States,Unemployed (and job seeking),DATA EXPIRED,United States,Female,No,White/Caucasian,Black,,,,,,,
32,Paid,1724144422474088034,5ff4f1a499e7cfca99d79113,AWAITING REVIEW,2021-01-05 23:09:27,2021-01-05 23:17:10,462.621,28.0,202,0,100,,227331D3,United States,United States,Full-Time,English,United States,Female,Yes,White/Caucasian,White,,,,,,,
33,Paid,-6438132007334009381,5ff4f1a884b3a9cab0320aa1,AWAITING REVIEW,2021-01-05 23:16:58,2021-01-05 23:46:42,1784.353,29.0,300,0,100,,227331D3,United States,United States,Unemployed (and job seeking),English,United States,Female,No,White/Caucasian,White,,,,,,,
34,Paid,5144157777050124640,5ff4f1bde4785a7d6ba8a075,AWAITING REVIEW,2021-01-05 23:09:52,2021-01-05 23:21:02,669.75,25.0,149,1,100,,227331D3,United States,United States,Full-Time,English,United States,Female,No,White/Caucasian,White,,,,,,,
35,Paid,-6300428648777523130,5ff4f1c1957b617d1473c802,AWAITING REVIEW,2021-01-05 23:10:04,2021-01-05 23:23:19,795.329,20.0,382,0,100,,227331D3,United States,United States,"Not in paid work (e.g. homemaker', 'retired or disabled)",English,United States,Female,Yes,White/Caucasian,White,,,,,,,
36,Paid,2862604485804805860,5ff4f1cc7e067ac585cc1a29,AWAITING REVIEW,2021-01-05 23:10:11,2021-01-05 23:18:37,506.11,24.0,744,0,100,,227331D3,United States,United States,Full-Time,English,United States,Male,Yes,White/Caucasian,Black,,,,,,,
37,Paid,7910117770440469022,5ff4f1ccc5f99bcb010d273d,AWAITING REVIEW,2021-01-05 23:10:11,2021-01-05 23:18:10,479.611,28.0,114,0,100,,227331D3,United States,United States,Part-Time,DATA EXPIRED,United States,Female,No,White/Caucasian,General,,,,,,,
38,Paid,6504607165251890266,5ff4f1cefdb6e6ca8487fa99,AWAITING REVIEW,2021-01-05 23:10:07,2021-01-05 23:16:03,356.386,33.0,212,2,99,,227331D3,United States,United States,Full-Time,English,United States,Male,No,White/Caucasian,Black,,,,,,,
39,Paid,4821341816826544397,5ff4f1d8e4785a7cf4389c26,AWAITING REVIEW,2021-01-05 23:10:28,2021-01-05 23:52:07,2498.717,36.0,822,3,100,,227331D3,United States,United States,Full-Time,English,United States,Male,No,White/Caucasian,General,,,,,,,
40,Paid,4204748087816705265,5ff4f1e5559f43cbd0762d08,AWAITING REVIEW,2021-01-05 23:10:33,2021-01-05 23:24:03,810.208,22.0,44,0,100,,227331D3,United States,United States,Other,English,United States,Male,Yes,White/Caucasian,General,,,,,,,
41,Paid,-2500934184847730216,5ff4f1f6c274b3cb965bcd06,AWAITING REVIEW,2021-01-05 23:10:51,2021-01-05 23:17:22,391.307,22.0,179,0,100,,227331D3,United States,United States,Part-Time,English,United States,Female,No,White/Caucasian,Black,,,,,,,
42,Paid,-2969905162982435989,5ff4f205eed16dcb1012b5d0,AWAITING REVIEW,2021-01-05 23:11:06,2021-01-05 23:39:37,1711.218,22.0,115,1,100,,227331D3,United States,United States,Unemployed (and job seeking),English,United States,Male,Yes,White/Caucasian,Black,,,,,,,
43,Paid,-2241429108092994613,5ff4f206eae543cae982ae02,AWAITING REVIEW,2021-01-05 23:11:08,2021-01-05 23:22:28,680.189,26.0,120,0,100,,227331D3,United States,United States,Due to start a new job within the next month,English,United States,Male,No,White/Caucasian,Black,,,,,,,
44,RETURNED,2644374011241225980,5ff4f213f4e233ca8fe5867b,RETURNED,2021-01-05 23:11:23,,138449.1567,37.0,259,1,100,,,CONSENT REVOKED,CONSENT REVOKED,CONSENT REVOKED,CONSENT REVOKED,CONSENT REVOKED,CONSENT REVOKED,CONSENT REVOKED,CONSENT REVOKED,White,,,,,,,
45,Paid,-1268742985066492404,5ff4f21be6b281cc26dca637,AWAITING REVIEW,2021-01-05 23:11:27,2021-01-05 23:33:05,1298.234,22.0,46,1,96,,227331D3,United States,,Unemployed (and job seeking),English,United States,Male,Yes,White/Caucasian,General,,,,,,,
46,Paid,-2341502693492500446,5ff4f2249568d5c490228c99,AWAITING REVIEW,2021-01-05 23:20:35,2021-01-05 23:31:40,664.777,35.0,397,0,100,,227331D3,United States,United States,Full-Time,English,United States,Female,No,White/Caucasian,General,,,,,,,
47,Paid,6437051393078507398,5ff4f229ebffe47d8bd73c12,AWAITING REVIEW,2021-01-05 23:11:38,2021-01-05 23:21:40,602.241,30.0,87,0,100,,227331D3,United States,United States,Other,DATA EXPIRED,United States,Female,No,White/Caucasian,General,,,,,,,
48,Paid,5451247051443312245,5ff4f2394b3bdcc6e7a36092,AWAITING REVIEW,2021-01-05 23:11:56,2021-01-05 23:22:50,653.239,38.0,731,1,100,,NOCODE,United States,United States,Part-Time,English,United States,Female,No,White/Caucasian,Black,,,,,,,
49,RETURNED,6725153652355763262,5ff4f242e7a1d2c6973ccaab,RETURNED,2021-01-05 23:12:14,,138398.9477,26.0,15,0,100,,,CONSENT REVOKED,CONSENT REVOKED,CONSENT REVOKED,CONSENT REVOKED,CONSENT REVOKED,CONSENT REVOKED,CONSENT REVOKED,CONSENT REVOKED,General/White,,,,,,,
50,Paid,3811189169891762766,5ff4f260341f42c566dbcd57,AWAITING REVIEW,2021-01-05 23:15:21,2021-01-05 23:59:31,2650.016,48.0,5,1,86,,NOCODE,United States,United States,Full-Time,,United States,Male,No,White/Caucasian,Black,,,,,,,
51,Paid,-5902145398040038189,5ff4f277a4d824cc34c62523,AWAITING REVIEW,2021-01-05 23:20:15,2021-01-05 23:29:37,562.295,38.0,420,0,100,,227331D3,United States,United States,Other,English,United States,Male,No,White/Caucasian,White,,,,,,,
52,Paid,-1566938883118203558,5ff4f2784e54097bc7802beb,AWAITING REVIEW,2021-01-05 23:21:47,2021-01-05 23:28:45,418.074,38.0,398,0,100,,227331D3,United States,United States,Full-Time,English,United States,Male,No,White/Caucasian,Black,,,,,,,
53,Paid,6768867589744431765,5ff4f284509c7e4a9ca6212f,AWAITING REVIEW,2021-01-05 23:13:18,2021-01-05 23:38:51,1532.924,,35,1,99,,227331D3,United States,United States,Full-Time,DATA EXPIRED,United States,Female,DATA EXPIRED,White/Caucasian,General,,,,,,,
54,Paid,6489707534671336934,5ff4f55b957b617d1473c80f,AWAITING REVIEW,2021-01-05 23:25:22,2021-01-05 23:46:18,1255.205,41.0,905,0,100,,227331D3,United States,United States,Part-Time,English,United States,Female,No,White/Caucasian,General,,,,,,,
55,RETURNED,5562090992769141398,5ff4f6cda4d824cc34c62535,RETURNED,2021-01-05 23:31:26,,137248.8409,26.0,45,0,100,,,CONSENT REVOKED,CONSENT REVOKED,CONSENT REVOKED,CONSENT REVOKED,CONSENT REVOKED,CONSENT REVOKED,CONSENT REVOKED,CONSENT REVOKED,Black,,,,,,,
56,Paid,-4039540473851730012,5ff4f826fd62fbc4fc0f9ca3,AWAITING REVIEW,2021-01-05 23:37:14,2021-01-05 23:54:31,1036.863,52.0,752,1,100,,227331D3,United States,United States,"Not in paid work (e.g. homemaker', 'retired or disabled)",English,United States,Female,No,White/Caucasian,Black,,,,,,,
57,Paid,-218234957707192843,5ff4fbe22b11a47c5a1af56a,AWAITING REVIEW,2021-01-05 23:53:10,2021-01-06 0:00:12,422.312,22.0,570,3,99,,227331D3,United States,United States,Full-Time,English,United States,Female,No,White/Caucasian,General,,,,,,,
58,Paid,5511390185232435891,5ff50a70c9707dc98ad65b6c,AWAITING REVIEW,2021-01-06 0:55:17,2021-01-06 1:12:50,1053.498,53.0,593,0,100,,227331D3,United States,United States,"Not in paid work (e.g. homemaker, retired or disabled)",English,United States,Male,No,White/Caucasian,White,,,,,,,
59,Paid,5006595744344965540,5ff4e8925474cdc6394e508e,AWAITING REVIEW,2021-01-05 22:30:48,2021-01-05 22:42:21,693.224,38.0,103,1,100,,227331D3,United States,United States,Full-Time,English,United States,Female,Yes,Black/African American,Black,,,,,,,
60,RETURNED,-6831039368590246325,5ff4e922f4e233c897651001,RETURNED,2021-01-05 22:33:09,,149229.2695,20.0,53,0,100,,,CONSENT REVOKED,CONSENT REVOKED,CONSENT REVOKED,CONSENT REVOKED,CONSENT REVOKED,CONSENT REVOKED,CONSENT REVOKED,CONSENT REVOKED,General,,,,,,,
61,Paid,-2209155441921558342,5ff4ec6c2b11a479ed2eac02,AWAITING REVIEW,2021-01-05 22:47:11,2021-01-05 23:30:55,2623.428,55.0,240,3,98,,227331D3,United States,United States,Full-Time,English,United States,Female,No,Black/African American,General,,,,,,,
62,Paid,6064783222360178675,5ff4ec88c274b3c9adc2fb36,AWAITING REVIEW,2021-01-05 22:47:46,2021-01-05 22:59:19,692.47,20.0,1,0,100,,227331D3,United States,,,,United States,Male,,Black/African American,General,,,,,,,
63,Paid,-5938088750287399002,5ff4ee961d6cb4c98f1f793b,AWAITING REVIEW,2021-01-05 22:59:18,2021-01-05 23:17:07,1068.778,22.0,4,0,100,,227331D3,,United States,Full-Time,,United States,Female,,Black/African American,Black,,,,,,,
64,RETURNED,-7218871351040224166,5ff4eef452b0e27d2387881d,RETURNED,2021-01-05 22:57:56,,147742.987,30.0,494,2,100,,,CONSENT REVOKED,CONSENT REVOKED,CONSENT REVOKED,CONSENT REVOKED,CONSENT REVOKED,CONSENT REVOKED,CONSENT REVOKED,CONSENT REVOKED,White,,,,,,,
65,RETURNED,-8245833130069167583,5ff4f0fa1d6cb4c98f1f794b,RETURNED,2021-01-05 23:06:38,,147220.9341,19.0,65,0,100,,,CONSENT REVOKED,CONSENT REVOKED,CONSENT REVOKED,CONSENT REVOKED,CONSENT REVOKED,CONSENT REVOKED,CONSENT REVOKED,CONSENT REVOKED,White,,,,,,,
66,Paid,6364036503867818080,5ff4f692adaa09cd15c98cbb,AWAITING REVIEW,2021-01-05 23:30:30,2021-01-05 23:39:37,546.563,28.0,3,0,100,,227331D3,United States,United States,Part-Time,,United States,Male,Yes,Black/African American,Black,,,,,,,
67,Paid,4835142598711570324,5ff4faa8ad6c6d7ee1858857,AWAITING REVIEW,2021-01-05 23:47:56,2021-01-06 0:08:53,1256.564,22.0,137,0,100,,227331D3,United States,United States,Full-Time,DATA EXPIRED,United States,Male,No,Black/African American,White,,,,,,,
68,Paid,-4693360091993728306,5ff4fb0a173bfb7d408f3679,AWAITING REVIEW,2021-01-05 23:49:41,2021-01-06 0:10:09,1228.165,30.0,647,2,100,,227331D3,United States,United States,Part-Time,English,United States,Male,No,Black/African American,White,,,,,,,
69,RETURNED,3062216957427306920,5ff4fb1a3cc53ccb25ec9e7c,RETURNED,2021-01-05 23:49:49,,144630.9364,18.0,24,0,100,,,CONSENT REVOKED,CONSENT REVOKED,CONSENT REVOKED,CONSENT REVOKED,CONSENT REVOKED,CONSENT REVOKED,CONSENT REVOKED,CONSENT REVOKED,Black,,,,,,,
70,RETURNED,8375519513504934355,5ff4fb71827f81cc13d5a3b0,RETURNED,2021-01-05 23:51:21,,144539.1435,44.0,50,0,100,,,CONSENT REVOKED,CONSENT REVOKED,CONSENT REVOKED,CONSENT REVOKED,CONSENT REVOKED,CONSENT REVOKED,CONSENT REVOKED,CONSENT REVOKED,White/General,,,,,,,
71,Paid,-4273502242138227027,5ff4fb77eae543cbe559ca85,AWAITING REVIEW,2021-01-05 23:52:11,2021-01-06 0:07:13,901.604,41.0,482,3,100,,227331D3,United States,United States,Due to start a new job within the next month,English,United States,Female,No,Black/African American,Black,,,,,,,
72,RETURNED,-4612537225390661612,5ff4fbf60ad48bcd3cd1a105,RETURNED,2021-01-05 23:53:31,,144409.7674,29.0,765,3,100,,,CONSENT REVOKED,CONSENT REVOKED,CONSENT REVOKED,CONSENT REVOKED,CONSENT REVOKED,CONSENT REVOKED,CONSENT REVOKED,CONSENT REVOKED,General,,,,,,,
73,Paid,6393156065936744393,5ff4fc4a8fd71dcc3ab118a9,AWAITING REVIEW,2021-01-05 23:54:59,2021-01-06 0:10:52,953.005,48.0,79,2,97,,227331D3,United States,United States,Part-Time,English,United States,Female,Yes,Black/African American,White,,,,,,,
74,RETURNED,-5751250631000021684,5ff4fca24b3bdcc7e8fb1d66,RETURNED,2021-01-05 23:56:25,,144235.422,50.0,133,1,100,,,CONSENT REVOKED,CONSENT REVOKED,CONSENT REVOKED,CONSENT REVOKED,CONSENT REVOKED,CONSENT REVOKED,CONSENT REVOKED,CONSENT REVOKED,General,,,,,,,
75,Paid,2851302951258420469,5ff4fd1e29db95cc85dbb3ea,AWAITING REVIEW,2021-01-05 23:58:53,2021-01-06 0:15:24,991.15,51.0,385,0,100,,227331D3,United States,United States,Other,English,United States,Female,No,Black/African American,General/Black,,,,,,,
76,Paid,5981523659177050413,5ff4fd295474cdcb7db32e44,AWAITING REVIEW,2021-01-05 23:58:47,2021-01-06 0:09:01,614.085,30.0,868,0,100,,227331D3,United States,United States,Part-Time,English,United States,Female,No,Black/African American,General,,,,,,,
77,Paid,5646492198776406037,5ff4fd681f2ef9cacd8063d3,AWAITING REVIEW,2021-01-05 23:59:46,2021-01-06 0:07:28,462.613,23.0,5,0,100,,227331D3,United States,United States,Full-Time,,United States,Male,No,Black/African American,Black,,,,,,,
78,TIMED-OUT,-5949741273374892157,5ff4fdfe0b1a447c7fd7bf79,TIMED-OUT,2021-01-06 0:02:12,,143889.702,28.0,407,3,99,,,United States,United States,Full-Time,English,United States,Male,Yes,Black/African American,White,,,,,,,
79,Paid,-5702399283691934252,5ff4fe89e1506a7e7c3bc9f2,AWAITING REVIEW,2021-01-06 0:04:30,2021-01-06 0:25:15,1245.88,18.0,196,0,100,,227331D3,United States,United States,Unemployed (and job seeking),DATA EXPIRED,United States,Male,No,Black/African American,Black,,,,,,,
80,Paid,808834748317565194,5ff4fee79f4b9ecddc7fd7e3,AWAITING REVIEW,2021-01-06 0:06:04,2021-01-06 0:17:24,680.284,18.0,73,0,100,,227331D3,United States,United States,Other,DATA EXPIRED,United States,Female,Yes,Black/African American,General,,,,,,,
81,Paid,-4363124992384274421,5ff4ff26e1506a7e7c3bc9f6,AWAITING REVIEW,2021-01-06 0:07:03,2021-01-06 0:40:56,2032.934,18.0,276,3,100,,227331D3,United States,United States,Unemployed (and job seeking),DATA EXPIRED,United States,Male,Yes,Black/African American,Black,,,,,,,
82,Paid,6345834825561531495,5ff4fff9827f81cb28e46f0a,AWAITING REVIEW,2021-01-06 0:10:39,2021-01-06 0:27:08,989.205,27.0,479,1,100,,227331D3,United States,United States,Full-Time,English,United States,Male,Yes,Black/African American,Black,,,,,,,
83,Paid,1495311987187015455,5ff500af238d4b7e6a309af3,AWAITING REVIEW,2021-01-06 0:13:48,2021-01-06 0:24:54,665.509,25.0,17,0,100,,227331D3,United States,,Full-Time,,United States,Male,Yes,Black/African American,White,,,,,,,
84,Paid,-6667722147096687024,5ff5012c173bfb7eb601f590,AWAITING REVIEW,2021-01-06 0:15:45,2021-01-06 0:24:45,539.888,28.0,82,0,100,,227331D3,United States,United States,Unemployed (and job seeking),English,United States,Male,No,Black/African American,Black,,,,,,,
85,Paid,-7070986609624704772,5ff501c6adaa09cda7de03a2,AWAITING REVIEW,2021-01-06 0:18:25,2021-01-06 0:26:04,458.82,21.0,98,0,100,,227331D3,United States,United States,Other,DATA EXPIRED,United States,Male,Yes,Black/African American,General,,,,,,,
86,Paid,-791802604829030828,5ff50262e766bbcf3248a1d3,AWAITING REVIEW,2021-01-06 0:20:54,2021-01-06 0:37:11,977.657,46.0,482,1,100,,227331D3,United States,United States,Full-Time,English,United States,Male,No,Black/African American,White,,,,,,,
87,Paid,4635047679751405894,5ff502d97b84d380509c8395,AWAITING REVIEW,2021-01-06 0:22:49,2021-01-06 2:09:45,6416.066,25.0,6,0,100,,227331D3,,,,,United States,Male,,Black/African American,General,,,,,,,
88,Paid,-3864322444080558379,5ff502edad6c6d7ee185886a,AWAITING REVIEW,2021-01-06 0:23:53,2021-01-06 0:44:43,1250.846,19.0,381,0,100,,227331D3,United States,United States,Other,English,United States,Female,Yes,Black/African American,General,,,,,,,
89,Paid,-7166028151393515431,5ff5037cb11116c86c698ada,AWAITING REVIEW,2021-01-06 0:25:36,2021-01-06 0:38:14,757.601,24.0,10,0,100,,227331D3,United States,United States,Due to start a new job within the next month,,United States,Female,Yes,Black/African American,White,,,,,,,
90,Paid,6192131823702820352,5ff503b4cbe069cc90e402ab,AWAITING REVIEW,2021-01-06 0:26:28,2021-01-06 0:45:30,1141.57,27.0,206,0,100,,227331D3,United States,United States,Full-Time,DATA EXPIRED,United States,Male,No,Black/African American,White,,,,,,,
91,TIMED-OUT,-1769705018062261054,5ff50443fef4d1c8e7422351,TIMED-OUT,2021-01-06 0:28:56,,142288.3703,43.0,373,2,99,,,United States,United States,Full-Time,English,United States,Male,No,Black/African American,Black,,,,,,,
92,Paid,6610774322735725325,5ff50462b9b6097ee51d47ec,AWAITING REVIEW,2021-01-06 0:29:26,2021-01-06 0:41:24,718.016,20.0,452,1,100,,227331D3,United States,United States,Unemployed (and job seeking),English,United States,Male,Yes,Black/African American,White,,,,,,,
93,Paid,832828526945262705,5ff504b5bf7c82cdd1197a81,AWAITING REVIEW,2021-01-06 0:30:55,2021-01-06 0:44:43,828.345,36.0,4,0,100,,227331D3,United States,United States,"Not in paid work (e.g. homemaker', 'retired or disabled)",,United States,Female,,Black/African American,General,,,,,,,
94,Paid,-3394438017704856039,5ff504f5520dd1ce9ce2da93,AWAITING REVIEW,2021-01-06 0:31:52,2021-01-06 0:40:34,521.941,19.0,279,1,100,,227331D3,United States,United States,Unemployed (and job seeking),English,United States,Male,No,Black/African American,General,,,,,,,
95,Paid,4194593477760228930,5ff505066079e1c7b19997bf,AWAITING REVIEW,2021-01-06 0:32:11,2021-01-06 1:33:12,3660.911,23.0,277,3,100,,227331D3,United States,United States,Full-Time,English,United States,Male,No,Black/African American,Black,,,,,,,
96,Paid,3456683664189605258,5ff50520b11116c7f14e869d,AWAITING REVIEW,2021-01-06 0:39:11,2021-01-06 1:33:30,3259.097,33.0,1032,1,100,,227331D3,United States,United States,Part-Time,English,United States,Male,No,Black/African American,General,,,,,,,
97,Paid,64283408318479464,5ff505cbd1340cce49ae1ad1,AWAITING REVIEW,2021-01-06 0:35:30,2021-01-06 1:01:07,1537.775,25.0,206,0,100,,227331D3,Germany,United States,Unemployed (and job seeking),English,United States,Female,No,Black/African American,Black,,,,,,,
98,Paid,3136053896979883438,5ff5061dc92b36ce66a7d07e,AWAITING REVIEW,2021-01-06 0:36:49,2021-01-06 0:48:07,678.16,34.0,328,1,100,,227331D3,United States,United States,Full-Time,English,United States,Male,No,Black/African American,General,,,,,,,
99,Paid,9196536133615108750,5ff5062ee7417ace1c9cdc2a,AWAITING REVIEW,2021-01-06 0:37:03,2021-01-06 0:47:43,640.01,20.0,92,0,100,,227331D3,United States,United States,Part-Time,English,United States,Male,Yes,Black/African American,White,,,,,,,
100,RETURNED,8400299872534596380,5ff50670ebffe4807e10cdfc,RETURNED,2021-01-06 0:38:09,,141738.0196,40.0,24,0,100,,,CONSENT REVOKED,CONSENT REVOKED,CONSENT REVOKED,CONSENT REVOKED,CONSENT REVOKED,CONSENT REVOKED,CONSENT REVOKED,CONSENT REVOKED,Black,,,,,,,
101,Paid,7064753028842501635,5ff506ab957b617e8b89550d,AWAITING REVIEW,2021-01-06 0:39:07,2021-01-06 0:47:07,480.033,27.0,360,2,99,,227331D3,United States,United States,Full-Time,English,United States,Male,No,Black/African American,White,,,,,,,
102,Paid,4762495446635092475,5ff5070fc2bdebcd779ac6f8,AWAITING REVIEW,2021-01-06 0:44:19,2021-01-06 0:59:19,900.575,29.0,1337,1,100,,227331D3,Italy,United States,Part-Time,English,United States,Female,No,Black/African American,White,,,,,,,
103,Paid,1095562871109250153,5ff5073a3cc53ccc39ff9ae6,AWAITING REVIEW,2021-01-06 0:41:30,2021-01-06 2:01:16,4785.672,23.0,863,4,100,,227331D3,United States,United States,Full-Time,English,United States,Male,No,Black/African American,Black,,,,,,,
104,Paid,-160277180180440940,5ff50742509c7e4cfc84d163,AWAITING REVIEW,2021-01-06 0:42:22,2021-01-06 0:51:29,546.762,,9,0,100,,227331D3,United States,United States,Full-Time,DATA EXPIRED,United States,Male,No,Black/African American,Black,,,,,,,
105,Paid,8380379561759185452,5ff50761b9b6097ff73a5a51,AWAITING REVIEW,2021-01-06 0:42:21,2021-01-06 0:49:32,431.288,36.0,624,1,100,,227331D3,United States,United States,Full-Time,English,United States,Male,No,Black/African American,General,,,,,,,
106,Paid,-722999530961778417,5ff507a0e7417acd2f67e2d3,AWAITING REVIEW,2021-01-06 0:43:16,2021-01-06 0:51:26,489.984,23.0,244,1,100,,227331D3,United States,United States,Part-Time,English,United States,Female,Yes,Black/African American,Black,,,,,,,
107,Paid,1903365035254172837,5ff507ceeed16dce73687c20,AWAITING REVIEW,2021-01-06 0:43:58,2021-01-06 1:14:54,1855.466,40.0,146,0,100,,227331D3,United States,United States,Full-Time,DATA EXPIRED,United States,Male,No,Black/African American,White,,,,,,,
108,Paid,4076998610620735406,5ff507e80b1a447dcc2c1c41,AWAITING REVIEW,2021-01-06 0:44:44,2021-01-06 1:04:14,1170.24,28.0,103,2,99,,227331D3,United States,United States,Unemployed (and job seeking),DATA EXPIRED,United States,Female,No,Black/African American,General,,,,,,,
109,Paid,4965915140003239126,5ff508189568d5c786f33877,AWAITING REVIEW,2021-01-06 0:45:16,2021-01-06 0:55:26,609.903,54.0,593,1,100,,227331D3,United States,United States,Full-Time,English,United States,Female,No,Black/African American,General,,,,,,,
110,Paid,-1869815398294075619,5ff50834ebffe4807e10ce04,AWAITING REVIEW,2021-01-06 0:45:56,2021-01-06 1:00:03,846.544,37.0,541,1,100,,227331D3,United States,United States,Full-Time,English,United States,Male,No,Black/African American,White,,,,,,,
111,Paid,-1300079479944419808,5ff50875e7fadbcc070591df,AWAITING REVIEW,2021-01-06 0:49:16,2021-01-06 1:00:14,657.638,24.0,272,3,99,,227331D3,United States,United States,Unemployed (and job seeking),English,United States,Female,Yes,Black/African American,General,,,,,,,
112,Paid,7280103446539032378,5ff508cfeb5270cd048f35a3,AWAITING REVIEW,2021-01-06 0:48:15,2021-01-06 0:57:07,531.658,26.0,273,2,100,,227331D3,United States,United States,Full-Time,English,United States,Male,No,Black/African American,Black,,,,,,,
113,Paid,-963776738621574341,5ff5090191948a801a1643cc,AWAITING REVIEW,2021-01-06 0:50:41,2021-01-06 0:57:32,411.343,20.0,403,0,100,,227331D3,United States,United States,Other,English,United States,Female,Yes,Black/African American,General,,,,,,,
114,Paid,-1070019674199165563,5ff509229bf07dc845013a7f,AWAITING REVIEW,2021-01-06 0:52:53,2021-01-06 1:17:54,1500.828,18.0,9,0,100,,227331D3,United States,,Part-Time,,United States,Female,Yes,Black/African American,White,,,,,,,
115,Paid,-194884276696898881,5ff509875ce3ae7e9b091809,AWAITING REVIEW,2021-01-06 0:51:37,2021-01-06 1:44:11,3154.486,39.0,1302,0,100,,227331D3,United States,United States,Part-Time,English,United States,Female,No,Black/African American,General,,,,,,,
116,Paid,-5350088127303081644,5ff51675e66d7fcffd3d118a,AWAITING REVIEW,2021-01-06 1:46:32,2021-01-06 1:52:41,369.504,49.0,1154,5,100,,227331D3,United States,United States,Full-Time,English,United States,Male,Yes,Black/African American,White,,,,,,,
117,Paid,-1151589041984724107,5ff519cab5d1fccf23fe3036,AWAITING REVIEW,2021-01-06 2:00:43,2021-01-06 2:10:43,600.723,26.0,728,0,100,,227331D3,United States,United States,DATA EXPIRED,English,United States,Male,No,Black/African American,White,,,,,,,
118,Paid,-1876605006691101097,5ff520b746872ecd38c49b67,AWAITING REVIEW,2021-01-06 2:34:54,2021-01-06 3:11:34,2200.04,27.0,11,0,100,,227331D3,United States,United States,Full-Time,,United States,Male,No,Black/African American,General,,,,,,,
119,RETURNED,5510496879072486136,5ffc565e05f02b03b6ef5e94,RETURNED,2021-01-11 13:45:07,,256705.2969,,885,5,99,,,CONSENT REVOKED,CONSENT REVOKED,CONSENT REVOKED,CONSENT REVOKED,CONSENT REVOKED,CONSENT REVOKED,CONSENT REVOKED,CONSENT REVOKED,,,,,,,,
120,Paid,-6529668079123284064,5ffc565fb65b9003bb6159f6,AWAITING REVIEW,2021-01-11 13:48:50,2021-01-11 14:08:04,1154.457,43.0,56,0,100,,227331D3,United States,United States,Full-Time,DATA EXPIRED,United States,Male,No,White/Caucasian,General,,,,,,,
121,Paid,-1863210774739021052,5ffc566802907904a9dd3ea4,AWAITING REVIEW,2021-01-11 13:52:22,2021-01-11 14:23:00,1837.921,43.0,12,0,100,,227331D3,DATA EXPIRED,United States,Full-Time,DATA EXPIRED,United States,Male,DATA EXPIRED,White/Caucasian,General,,,,,,,
122,Paid,5024105127071500083,5ffc5669fcc46a03be4eac52,AWAITING REVIEW,2021-01-11 13:49:28,2021-01-11 14:12:07,1358.264,31.0,18,0,100,,227331D3,United States,,Part-Time,,United States,Male,No,White/Caucasian,General,,,,,,,
123,RETURNED,-8747177503736413280,5ffc566cf762a304455a676a,RETURNED,2021-01-11 13:45:20,,256692.1933,30.0,622,0,100,,,CONSENT REVOKED,CONSENT REVOKED,CONSENT REVOKED,CONSENT REVOKED,CONSENT REVOKED,CONSENT REVOKED,CONSENT REVOKED,CONSENT REVOKED,,,,,,,,
124,Paid,1710866657214293487,5ffc566ecd2f410340fb0e69,AWAITING REVIEW,2021-01-11 13:50:00,2021-01-11 13:58:17,496.692,27.0,65,0,100,,227331D3,United States,United States,Unemployed (and job seeking),DATA EXPIRED,United States,Male,No,White/Caucasian,General,,,,,,,
125,Paid,-7552600902257844968,5ffc566f2848ac04aa75903a,AWAITING REVIEW,2021-01-11 13:48:46,2021-01-11 13:55:35,409.33,21.0,168,1,100,,227331D3,United States,United States,Part-Time,DATA EXPIRED,United States,Female,Yes,White/Caucasian,White,,,,,,,
126,Paid,5046573469341077226,5ffc567145bc7f04acf8d300,AWAITING REVIEW,2021-01-11 13:45:25,2021-01-11 13:55:56,631.335,38.0,1792,1,100,,227331D3,United States,United States,Full-Time,English,United States,Male,No,White/Caucasian,General,,,,,,,
127,Paid,2382451424851792573,5ffc5674796743044f391b53,AWAITING REVIEW,2021-01-11 13:45:30,2021-01-11 14:02:42,1032.214,54.0,102,0,100,,227331D3,United States,United States,Full-Time,DATA EXPIRED,United States,Female,No,White/Caucasian,General/Black,,,,,,,
128,Paid,-2876302564465625019,5ffc5678542ff40444804a31,AWAITING REVIEW,2021-01-11 13:45:28,2021-01-11 14:13:38,1689.826,45.0,639,0,100,,227331D3,United States,United States,Full-Time,English,United States,Female,No,White/Caucasian,White,,,,,,,
129,Paid,-5332922219226337835,5ffc567927d4cc025c658207,AWAITING REVIEW,2021-01-11 13:45:47,2021-01-11 13:59:51,844.779,36.0,127,1,99,,227331D3,United States,United States,Full-Time,DATA EXPIRED,United States,Male,No,White/Caucasian,General/White,,,,,,,
130,Paid,-7235723610011157900,5ffc567aef83b604a5e439f0,AWAITING REVIEW,2021-01-11 13:45:34,2021-01-11 14:55:25,4191.565,30.0,975,11,97,,227331D3,United States,United States,Full-Time,English,United States,Male,Yes,White/Caucasian,General/White,,,,,,,
131,Paid,-8961042617948375642,5ffc567d4f4207043f7e4c06,AWAITING REVIEW,2021-01-11 13:45:40,2021-01-11 14:09:45,1444.461,40.0,127,2,99,,227331D3,United States,United States,Full-Time,DATA EXPIRED,United States,Male,No,White/Caucasian,Black,,,,,,,
132,Paid,2952683886356424505,5ffc567e223b4e04334e0c62,AWAITING REVIEW,2021-01-11 13:46:48,2021-01-11 13:53:49,420.63,21.0,643,4,100,,227331D3,United States,United States,Unemployed (and job seeking),English,United States,Female,Yes,White/Caucasian,Black,,,,,,,
133,Half Paid,-885269878488189412,5ffc567f36fe8d04b4c48f4c,RETURNED,2021-01-11 13:45:41,,256673.8607,38.0,289,0,100,,,CONSENT REVOKED,CONSENT REVOKED,CONSENT REVOKED,CONSENT REVOKED,CONSENT REVOKED,CONSENT REVOKED,CONSENT REVOKED,CONSENT REVOKED,White,,,,,,,
134,Paid,1434133837799373906,5ffc568286cb1b043561dd7f,AWAITING REVIEW,2021-01-11 13:45:38,2021-01-11 13:55:00,561.61,22.0,914,2,100,,227331D3,United States,United States,Other,English,United States,Male,Yes,White/Caucasian,General,,,,,,,
135,Paid,-7580044819635852699,5ffc56828836c403bad7e9b2,AWAITING REVIEW,2021-01-11 13:45:46,2021-01-11 13:59:44,838.267,34.0,258,3,99,,227331D3,United States,United States,Full-Time,DATA EXPIRED,United States,Male,No,White/Caucasian,General,,,,,,,
136,Paid,-3157669791665643506,5ffc56829a019203bf148a2e,AWAITING REVIEW,2021-01-11 13:45:39,2021-01-11 13:55:04,565.077,39.0,330,1,100,,227331D3,United States,United States,Full-Time,DATA EXPIRED,United States,Female,No,White/Caucasian,White,,,,,,,
137,Paid,6325505987576910700,5ffc56849d7d0804ba1a79a4,AWAITING REVIEW,2021-01-11 13:45:40,2021-01-11 14:00:16,875.803,30.0,135,1,99,,227331D3,United States,United States,Full-Time,DATA EXPIRED,United States,Female,No,White/Caucasian,General,,,,,,,
138,Paid,-4432997462162026049,5ffc5684773ec403beb62797,AWAITING REVIEW,2021-01-11 13:45:41,2021-01-11 13:53:09,448.146,41.0,253,0,100,,227331D3,United States,United States,Full-Time,English,United States,Male,No,White/Caucasian,General,,,,,,,
139,Rejected,6997273050529036204,5ffc568690ccb704ad562f99,AWAITING REVIEW,2021-01-11 13:45:49,2021-01-11 14:30:21,2671.343,56.0,619,0,100,,NOCODE,United States,United States,Full-Time,English,United States,Female,No,White/Caucasian,General,,,,,,,
140,Paid,1340469818462632793,5ffc56864c253104370fe69a,TIMED-OUT,2021-01-11 13:54:48,,256128.8988,30.0,176,0,100,,,United States,United States,Full-Time,DATA EXPIRED,United States,Male,No,White/Caucasian,General/White/Black,,,,,,,
141,RETURNED,-1484617893284074210,5ffc568716a39804ae9b2a3b,RETURNED,2021-01-11 13:45:44,,256673.0684,39.0,159,2,99,,,CONSENT REVOKED,CONSENT REVOKED,CONSENT REVOKED,CONSENT REVOKED,CONSENT REVOKED,CONSENT REVOKED,CONSENT REVOKED,CONSENT REVOKED,White,,,,,,,
142,Rejected,-6676244616204518731,5ffc56891c226e04b0dc347b,AWAITING REVIEW,2021-01-11 13:45:45,2021-01-11 13:54:46,541.058,25.0,400,0,100,,NOCODE,United States,United States,Full-Time,English,United States,Male,No,White/Caucasian,Black,,,,,,,
143,Paid,-6556327709298649870,5ffc568ba29fcc043c76e31f,AWAITING REVIEW,2021-01-11 13:45:48,2021-01-11 15:04:59,4751.537,45.0,241,0,100,,227331D3,United States,United States,Full-Time,DATA EXPIRED,United States,Male,No,White/Caucasian,White,,,,,,,
144,Paid,2957457794421068370,5ffc568caba4a0043d53cd7b,AWAITING REVIEW,2021-01-11 13:45:51,2021-01-11 13:55:32,580.799,21.0,137,0,100,,227331D3,United States,United States,Other,English,United States,Female,Yes,White/Caucasian,White,,,,,,,
145,Paid,-1223379087727772464,5ffc568e6abf510345e8af7d,AWAITING REVIEW,2021-01-11 13:45:50,2021-01-11 13:56:03,613.01,27.0,553,0,100,,227331D3,United States,United States,"Not in paid work (e.g. homemaker', 'retired or disabled)",English,United States,Male,No,White/Caucasian,General,,,,,,,
146,Paid,962001099882190547,5ffc5690cecb1504ad68468d,AWAITING REVIEW,2021-01-11 13:45:59,2021-01-11 13:56:40,641.023,39.0,430,3,100,,227331D3,United States,United States,Full-Time,English,United States,Male,Yes,White/Caucasian,White,,,,,,,
147,Paid,-2910734963167755036,5ffc56907dfb230009ad7d6a,AWAITING REVIEW,2021-01-11 13:49:26,2021-01-11 14:28:54,2368.282,25.0,91,2,99,,227331D3,United States,United States,DATA EXPIRED,DATA EXPIRED,United States,Male,No,White/Caucasian,General/Black,,,,,,,
148,Paid,-1764683984347795440,5ffc569189129d033e2e8d27,AWAITING REVIEW,2021-01-11 13:46:00,2021-01-11 13:55:45,585.549,45.0,362,2,100,,NOCODE,United States,United States,Full-Time,English,United States,Female,No,White/Caucasian,White,,,,,,,
149,RETURNED,2343436031061983164,5ffc569589129d033e2e8d28,RETURNED,2021-01-11 13:46:05,,256653.8854,43.0,1003,4,100,,,CONSENT REVOKED,CONSENT REVOKED,CONSENT REVOKED,CONSENT REVOKED,CONSENT REVOKED,CONSENT REVOKED,CONSENT REVOKED,CONSENT REVOKED,,,,,,,,
150,Paid,-486874690933597754,5ffc569586cb1b03c20222a2,AWAITING REVIEW,2021-01-11 13:46:05,2021-01-11 14:10:54,1488.937,35.0,38,0,100,,227331D3,United States,,,,United States,Male,Yes,White/Caucasian,Black,,,,,,,
151,Paid,4076769395444019760,5ffc569627d4cc025c65820c,AWAITING REVIEW,2021-01-11 13:50:03,2021-01-11 14:35:27,2724.244,44.0,8,0,100,,227331D3,DATA EXPIRED,United States,Full-Time,DATA EXPIRED,United States,Male,DATA EXPIRED,White/Caucasian,Black,,,,,,,
152,Paid,8912723120411293398,5ffc5697cfbe9e000aaaae0c,AWAITING REVIEW,2021-01-11 13:46:05,2021-01-11 14:05:36,1171.766,47.0,527,1,100,,227331D3,United States,United States,"Not in paid work (e.g. homemaker', 'retired or disabled)",English,United States,Female,No,White/Caucasian,Black,,,,,,,
153,Paid,-4346364279993295567,5ffc56998dceee03bb1aa6f8,AWAITING REVIEW,2021-01-11 13:48:46,2021-01-11 14:21:42,1976.209,50.0,14,0,100,,227331D3,United States,,Full-Time,,United States,Male,No,White/Caucasian,Black,,,,,,,
154,Paid,-3659680326399719003,5ffc569bf2906c0258b06aab,AWAITING REVIEW,2021-01-11 13:46:06,2021-01-11 13:56:34,627.248,55.0,232,0,100,,227331D3,United States,United States,Full-Time,English,United States,Male,No,White/Caucasian,Black,,,,,,,
155,Paid,-4724400700574501292,5ffc569c426b8c0432e1cb71,AWAITING REVIEW,2021-01-11 13:47:39,2021-01-11 14:10:50,1390.688,31.0,1070,0,100,,227331D3,United States,United States,Unemployed (and job seeking),English,United States,Male,No,White/Caucasian,White,,,,,,,
156,Paid,-7888043624685510789,5ffc569fcfbe9e000888de13,AWAITING REVIEW,2021-01-11 13:47:26,2021-01-11 14:06:12,1125.955,43.0,20,0,100,,227331D3,,,Full-Time,,United States,Male,,White/Caucasian,Black,,,,,,,
157,Paid,4461320576513881864,5ffc56a3884f6304b31083a7,AWAITING REVIEW,2021-01-11 13:46:15,2021-01-11 13:53:48,453.014,46.0,809,0,100,,227331D3,United States,United States,Full-Time,English,United States,Female,No,White/Caucasian,Black,,,,,,,
158,Paid,3813797947947722360,5ffc56a5884f630438e0cb89,AWAITING REVIEW,2021-01-11 13:46:19,2021-01-11 13:53:29,430.239,37.0,837,4,100,,227331D3,United States,United States,Full-Time,English,United States,Male,No,White/Caucasian,General,,,,,,,
159,Paid,-8171942996818409435,5ffc56a819bc1e04a715a5fe,AWAITING REVIEW,2021-01-11 13:49:55,2021-01-11 14:33:48,2632.667,44.0,62,0,100,,227331D3,United States,United States,Full-Time,DATA EXPIRED,United States,Male,DATA EXPIRED,White/Caucasian,General,,,,,,,
160,Paid,-8396532220490711496,5ffc56a890ccb704ad562f9d,AWAITING REVIEW,2021-01-11 13:46:29,2021-01-11 13:58:45,736.118,43.0,58,0,100,,227331D3,United States,United States,Full-Time,DATA EXPIRED,United States,Female,No,White/Caucasian,Black,,,,,,,
161,Paid,-453665743172421977,5ffc56a89bef0e02586716d1,AWAITING REVIEW,2021-01-11 13:46:25,2021-01-11 14:50:11,3826.612,45.0,46,0,100,,227331D3,DATA EXPIRED,United States,Full-Time,DATA EXPIRED,United States,Male,DATA EXPIRED,White/Caucasian,General,,,,,,,
162,Paid,8521607747893364391,5ffc56a984cb2b0435ebb294,AWAITING REVIEW,2021-01-11 13:46:20,2021-01-11 14:31:47,2726.921,36.0,1701,8,100,,227331D3,United States,United States,Full-Time,English,United States,Male,No,White/Caucasian,White,,,,,,,
163,Paid,-473169417378339459,5ffc56ad6496f8033a2826b7,AWAITING REVIEW,2021-01-11 13:46:42,2021-01-11 14:06:31,1189.889,22.0,387,0,100,,227331D3,United States,United States,Full-Time,English,United States,Male,No,White/Caucasian,Black,,,,,,,
164,Paid,1141656910041605962,5ffc56aef54a3404bd207ed3,AWAITING REVIEW,2021-01-11 13:46:22,2021-01-11 14:07:46,1283.444,46.0,59,0,100,,227331D3,United States,United States,Full-Time,DATA EXPIRED,United States,Male,No,White/Caucasian,Black,,,,,,,
165,Paid,6313619981054915016,5ffc56ae8836c4042de4ae18,AWAITING REVIEW,2021-01-11 13:49:52,2021-01-11 14:58:22,4110.56,47.0,42,0,100,,227331D3,,,Full-Time,,United States,Male,,White/Caucasian,General/Black,,,,,,,
166,Paid,-6489820966294790666,5ffc56afd9e96b043856d3a8,AWAITING REVIEW,2021-01-11 13:46:23,2021-01-11 14:31:57,2733.339,56.0,834,1,100,,227331D3,United States,United States,Full-Time,English,United States,Female,No,White/Caucasian,General,,,,,,,
167,Paid,5040422817860200274,5ffc56b3366b8804350b8bb1,AWAITING REVIEW,2021-01-11 13:46:27,2021-01-11 14:15:00,1712.744,27.0,231,1,100,,227331D3,United States,United States,Full-Time,English,United States,Male,No,White/Caucasian,White,,,,,,,
168,Paid,-9139659700269123029,5ffc56e9e258bd000b75f05c,AWAITING REVIEW,2021-01-11 13:47:28,2021-01-11 14:00:06,757.964,29.0,469,0,100,,227331D3,United States,United States,Full-Time,English,United States,Male,No,White/Caucasian,Black,,,,,,,
169,Paid,3355230906107335899,5ffc57cb0a4c5604398f1cc1,AWAITING REVIEW,2021-01-11 13:51:15,2021-01-11 14:49:57,3522.86,46.0,28,1,96,,227331D3,,,Full-Time,,United States,Male,,White/Caucasian,White,,,,,,,
170,Paid,-8433089230205896187,5ffc5c14ed52b105389ad4ad,AWAITING REVIEW,2021-01-11 14:09:24,2021-01-11 14:17:05,461.273,31.0,160,3,99,,227331D3,United States,United States,DATA EXPIRED,DATA EXPIRED,United States,Male,Yes,White/Caucasian,General/Black,,,,,,,
171,Paid,4919098825652160535,5ffc612a3a24d706907f180d,AWAITING REVIEW,2021-01-11 14:31:07,2021-01-11 15:44:07,4380.377,27.0,201,2,99,,227331D3,United States,United States,Full-Time,DATA EXPIRED,United States,Male,No,White/Caucasian,General/Black,,,,,,,
172,Paid,4802653830804575754,5ffc73b789129d08dade440d,AWAITING REVIEW,2021-01-11 15:50:15,2021-01-11 16:20:28,1813.113,26.0,182,1,100,,227331D3,United States,United States,Part-Time,DATA EXPIRED,United States,Male,Yes,White/Caucasian,White,,,,,,,
173,Paid,8266973107554906378,5ffc5696cfbe9e000aaaae0b,AWAITING REVIEW,2021-01-11 13:46:07,2021-01-11 13:56:07,600.244,36.0,1096,2,100,,227331D3,United States,United States,Full-Time,English,United States,Male,No,Black/African American,White,,,,,,,
174,RETURNED,3661591298921935675,5ffc56a912a8af04b9e46691,RETURNED,2021-01-11 13:46:26,,256694.7825,76.0,836,2,100,,,CONSENT REVOKED,CONSENT REVOKED,CONSENT REVOKED,CONSENT REVOKED,CONSENT REVOKED,CONSENT REVOKED,CONSENT REVOKED,CONSENT REVOKED,,,,,,,,
175,Paid,1469427479320951921,5ffc56ad1e6f3104c6be9404,AWAITING REVIEW,2021-01-11 13:46:29,2021-01-11 14:02:38,969.117,35.0,1482,10,99,,227331D3,United States,United States,Full-Time,English,United States,Male,No,Black/African American,Black,,,,,,,
176,Paid,-498189750616234637,5ffc56c627d4cc034a25eb5d,AWAITING REVIEW,2021-01-11 13:46:47,2021-01-11 13:56:03,556.599,30.0,56,1,100,,227331D3,United States,United States,Full-Time,DATA EXPIRED,United States,Male,No,Black/African American,Black,,,,,,,
177,Paid,6347225307778405749,5ffc56ca8a42d504bf657aaf,AWAITING REVIEW,2021-01-11 13:47:12,2021-01-11 14:49:28,3735.869,39.0,139,2,100,,227331D3,United States,United States,Full-Time,DATA EXPIRED,United States,Female,No,Black/African American,White,,,,,,,
178,Paid,-6498790240174174930,5ffc56cb9a01920437d8dc97,AWAITING REVIEW,2021-01-11 13:47:04,2021-01-11 14:19:46,1961.772,34.0,748,1,100,,227331D3,United States,United States,Full-Time,English,United States,Male,No,Black/African American,Black,,,,,,,
179,Paid,8340801088822173193,5ffc56cd01ee2a043786a205,AWAITING REVIEW,2021-01-11 13:47:03,2021-01-11 14:37:58,3054.998,23.0,102,1,100,,227331D3,United States,United States,Full-Time,DATA EXPIRED,United States,Male,No,Black/African American,White,,,,,,,
180,Paid,3113619607055608197,5ffc56cfd8115604aabf896c,AWAITING REVIEW,2021-01-11 13:47:03,2021-01-11 13:56:59,595.872,35.0,598,2,100,,227331D3,United States,United States,DATA EXPIRED,DATA EXPIRED,United States,Male,No,Black/African American,White,,,,,,,
181,Paid,2279105735478504774,5ffc56e6d9e96b043856d3aa,AWAITING REVIEW,2021-01-11 13:48:07,2021-01-11 14:02:40,873.01,27.0,133,1,99,,227331D3,United States,United States,Other,DATA EXPIRED,United States,Female,DATA EXPIRED,Black/African American,White,,,,,,,
182,Paid,-4974271049319199222,5ffc56f1f2906c0346561be0,AWAITING REVIEW,2021-01-11 13:47:30,2021-01-11 14:55:23,4072.82,25.0,212,3,99,,227331D3,United States,United States,Full-Time,DATA EXPIRED,United States,Female,No,Black/African American,Black,,,,,,,
183,Paid,4051207354629925920,5ffc56fa0cbe2003bd13e799,AWAITING REVIEW,2021-01-11 13:47:38,2021-01-11 13:53:50,372.196,28.0,470,8,97,,227331D3,United States,United States,Full-Time,English,United States,Female,No,Black/African American,White,,,,,,,
184,Paid,-2112995436850065831,5ffc5700fa9eac043cf3d84a,AWAITING REVIEW,2021-01-11 13:47:44,2021-01-11 14:34:45,2820.435,54.0,2496,1,100,,227331D3,United States,United States,Full-Time,English,United States,Female,No,Black/African American,General/Black,,,,,,,
185,Paid,-2898647630520166793,5ffc570a7374ef025dca366a,AWAITING REVIEW,2021-01-11 13:47:55,2021-01-11 14:55:56,4081.19,25.0,249,2,100,,227331D3,United States,United States,Full-Time,DATA EXPIRED,United States,Female,No,Black/African American,Black,,,,,,,
186,RETURNED,-2616765609711493314,5ffc571902907904a9dd3eb0,RETURNED,2021-01-11 13:48:13,,256590.7532,24.0,673,11,96,,,CONSENT REVOKED,CONSENT REVOKED,CONSENT REVOKED,CONSENT REVOKED,CONSENT REVOKED,CONSENT REVOKED,CONSENT REVOKED,CONSENT REVOKED,,,,,,,,
187,Paid,2272570867363727145,5ffc5720ea01ac043263d235,AWAITING REVIEW,2021-01-11 13:57:44,2021-01-11 14:37:38,2393.352,27.0,222,1,100,,227331D3,United States,United States,DATA EXPIRED,DATA EXPIRED,United States,Female,DATA EXPIRED,Black/African American,White,,,,,,,
188,Paid,5512897092732655804,5ffc57223a24d704ae7aedcb,AWAITING REVIEW,2021-01-11 13:48:18,2021-01-11 14:31:03,2565.182,25.0,223,3,99,,227331D3,United States,United States,Full-Time,DATA EXPIRED,United States,Female,No,Black/African American,General,,,,,,,
189,Paid,-947837699226560178,5ffc5722542ff403cf848e55,AWAITING REVIEW,2021-01-11 13:50:24,2021-01-11 13:59:40,556.09,36.0,967,6,99,,227331D3,United States,United States,Full-Time,English,United States,Male,Yes,Black/African American,General,,,,,,,
190,Paid,7599019022488785588,5ffc573a8c106d03c5b32e62,AWAITING REVIEW,2021-01-11 13:48:46,2021-01-11 14:13:00,1453.68,25.0,54,0,100,,227331D3,United States,United States,Other,DATA EXPIRED,United States,Female,No,Black/African American,White,,,,,,,
191,Paid,-3698098641158929418,5ffc573d6496f803bbab03bc,AWAITING REVIEW,2021-01-11 13:48:48,2021-01-11 13:56:22,453.091,35.0,586,6,98,,227331D3,United States,United States,Full-Time,English,United States,Male,No,Black/African American,General,,,,,,,
192,RETURNED,-7568520121917820671,5ffc57410cbe2004a6583094,RETURNED,2021-01-11 13:48:54,,256551.3536,18.0,75,0,100,,,CONSENT REVOKED,CONSENT REVOKED,CONSENT REVOKED,CONSENT REVOKED,CONSENT REVOKED,CONSENT REVOKED,CONSENT REVOKED,CONSENT REVOKED,,,,,,,,
193,RETURNED,-2648392463395754412,5ffc577fe258bd000b75f05f,RETURNED,2021-01-11 13:49:51,2021-01-11 14:39:02,2951.029,31.0,17,1,96,,227331D3,CONSENT REVOKED,CONSENT REVOKED,CONSENT REVOKED,CONSENT REVOKED,CONSENT REVOKED,CONSENT REVOKED,CONSENT REVOKED,CONSENT REVOKED,,,,,,,,
194,RETURNED,6290447210279248584,5ffc578686d36203435bc5e6,RETURNED,2021-01-11 13:52:32,,256333.0517,29.0,16,0,100,,,CONSENT REVOKED,CONSENT REVOKED,CONSENT REVOKED,CONSENT REVOKED,CONSENT REVOKED,CONSENT REVOKED,CONSENT REVOKED,CONSENT REVOKED,,,,,,,,
195,Paid,-524900867803144028,5ffc57b135cf7d0431e8ea57,AWAITING REVIEW,2021-01-11 13:50:53,2021-01-11 14:19:08,1695.107,31.0,14,0,100,,227331D3,DATA EXPIRED,United States,DATA EXPIRED,DATA EXPIRED,United States,Male,No,Black/African American,Black,,,,,,,
196,Paid,1205287757586604245,5ffc57cf7dfb230009ad7d71,AWAITING REVIEW,2021-01-11 13:51:12,2021-01-11 13:57:57,405.325,27.0,326,0,100,,227331D3,United States,United States,Full-Time,DATA EXPIRED,United States,Male,No,Black/African American,Black,,,,,,,
197,Paid,-2821744180659773639,5ffc57d18836c4042de4ae21,AWAITING REVIEW,2021-01-11 13:51:13,2021-01-11 15:19:17,5283.434,25.0,249,0,100,,227331D3,United States,United States,Full-Time,DATA EXPIRED,United States,Male,No,Black/African American,General,,,,,,,
198,Paid,-955109511907497485,5ffc57df85232b04bb20f962,AWAITING REVIEW,2021-01-11 13:54:52,2021-01-11 14:09:48,896.163,50.0,1763,2,100,,227331D3,United States,United States,Full-Time,English,United States,Male,No,Black/African American,General,,,,,,,
199,Paid,3801165558898580451,5ffc57df7374ef043c7db317,AWAITING REVIEW,2021-01-11 13:51:28,2021-01-11 14:51:00,3572.428,31.0,22,0,100,,227331D3,DATA EXPIRED,United States,Full-Time,DATA EXPIRED,United States,Female,No,Black/African American,General/White,,,,,,,
200,Paid,6974761807982564829,5ffc57e7cd66d70347d042bb,AWAITING REVIEW,2021-01-11 13:51:35,2021-01-11 14:46:41,3305.558,28.0,25,0,100,,227331D3,DATA EXPIRED,United States,Full-Time,DATA EXPIRED,United States,Male,No,Black/African American,General,,,,,,,
201,Paid,8252069293331638687,5ffc57eab936b50430fffc29,AWAITING REVIEW,2021-01-11 13:55:40,2021-01-11 14:41:25,2744.878,29.0,262,0,100,,227331D3,United States,United States,DATA EXPIRED,DATA EXPIRED,United States,Male,No,Black/African American,White,,,,,,,
202,Paid,-4129384457813245734,5ffc57f45991d404c4cd4b1d,AWAITING REVIEW,2021-01-11 13:51:49,2021-01-11 14:06:12,863.666,24.0,326,0,100,,227331D3,United States,United States,Unemployed (and job seeking),DATA EXPIRED,United States,Female,Yes,Black/African American,Black,,,,,,,
203,Paid,5294542270354407628,5ffc57fead323e04a4caafd4,AWAITING REVIEW,2021-01-11 13:52:05,2021-01-11 14:01:14,548.947,46.0,593,1,100,,227331D3,United States,United States,Other,English,United States,Female,No,Black/African American,General,,,,,,,
204,Paid,-898108555091215019,5ffc57fedbb22804aaef7304,AWAITING REVIEW,2021-01-11 13:54:35,2021-01-11 14:06:07,691.315,31.0,185,0,100,,227331D3,United States,United States,Full-Time,DATA EXPIRED,United States,Male,No,Black/African American,White,,,,,,,
205,Paid,-3468089116371266967,5ffc580fe258bd000b75f064,AWAITING REVIEW,2021-01-11 13:53:49,2021-01-11 14:15:07,1277.746,20.0,17,0,100,,227331D3,United States,,Full-Time,,United States,Male,,Black/African American,Black,,,,,,,
206,Paid,4774142461229647984,5ffc583036fe8d03c85b23a0,AWAITING REVIEW,2021-01-11 13:52:49,2021-01-11 14:56:25,3816.376,31.0,15,0,100,,227331D3,,,Full-Time,,United States,Male,No,Black/African American,Black,,,,,,,
207,Paid,4010551406769340504,5ffc5842fd3e3f0446ee2430,AWAITING REVIEW,2021-01-11 13:53:11,2021-01-11 14:11:19,1087.399,58.0,383,5,99,,227331D3,United States,United States,"Not in paid work (e.g. homemaker', 'retired or disabled)",English,United States,Female,No,Black/African American,General,,,,,,,
208,Paid,7788011337986460181,5ffc584acfbe9e000aaaae1a,AWAITING REVIEW,2021-01-11 13:53:24,2021-01-11 14:05:09,704.74,34.0,1012,1,100,,227331D3,United States,United States,"Not in paid work (e.g. homemaker', 'retired or disabled)",English,United States,Female,No,Black/African American,General,,,,,,,
209,Paid,5358149960632429528,5ffc58567dfb230009ad7d78,AWAITING REVIEW,2021-01-11 13:53:29,2021-01-11 14:08:26,896.872,29.0,417,0,100,,227331D3,United States,United States,Unemployed (and job seeking),English,United States,Male,No,Black/African American,White,,,,,,,
210,Paid,1471623447164653619,5ffc586c5c8fb504adbdc85d,AWAITING REVIEW,2021-01-11 13:53:53,2021-01-11 14:41:24,2850.966,51.0,197,1,100,,227331D3,United States,United States,Part-Time,DATA EXPIRED,United States,Male,No,Black/African American,Black,,,,,,,
211,Paid,8396037083557113483,5ffc58702f260d03cdef2b22,AWAITING REVIEW,2021-01-11 13:53:53,2021-01-11 14:16:32,1359.2,27.0,116,0,100,,227331D3,United States,United States,Full-Time,DATA EXPIRED,United States,Male,No,Black/African American,General,,,,,,,
212,Paid,9198326476911251244,5ffc5871c0970104b4617e0d,AWAITING REVIEW,2021-01-11 13:53:53,2021-01-11 14:04:04,610.942,31.0,33,0,100,,227331D3,United States,United States,Full-Time,DATA EXPIRED,United States,Male,No,Black/African American,General,,,,,,,
213,Paid,-2688069130629293639,5ffc5875fcc46a0535b0c63c,AWAITING REVIEW,2021-01-11 13:57:06,2021-01-11 14:27:00,1793.874,32.0,239,2,99,,227331D3,United States,United States,DATA EXPIRED,DATA EXPIRED,United States,Female,No,Black/African American,General/Black,,,,,,,
214,Paid,-3218849794348992786,5ffc587f5991d40544574f84,AWAITING REVIEW,2021-01-11 13:54:08,2021-01-11 14:38:19,2651.244,30.0,16,0,100,,227331D3,,,Full-Time,,United States,Male,No,Black/African American,White,,,,,,,
215,Paid,4699917848981776029,5ffc5883f5612d0433d07fea,AWAITING REVIEW,2021-01-11 13:54:11,2021-01-11 14:06:08,716.399,30.0,124,1,100,,227331D3,United States,United States,Unemployed (and job seeking),DATA EXPIRED,United States,Male,No,Black/African American,White,,,,,,,
216,Paid,-8606563570631051090,5ffc58868f2926052d3d91b8,TIMED-OUT,2021-01-11 13:54:31,,256219.1753,22.0,327,0,100,,,Nigeria,United States,Full-Time,DATA EXPIRED,United States,Female,Yes,Black/African American,Black,,,,,,,
217,Paid,-1541859185227464480,5ffc589b53c98604b77e3c40,AWAITING REVIEW,2021-01-11 13:55:33,2021-01-11 14:25:32,1799.864,31.0,163,0,100,,227331D3,United States,United States,DATA EXPIRED,DATA EXPIRED,United States,Male,DATA EXPIRED,Black/African American,General/White,,,,,,,
218,Paid,4331663510641886447,5ffc58a2a233c604beab619a,AWAITING REVIEW,2021-01-11 13:58:24,2021-01-11 14:25:15,1611.515,31.0,197,3,99,,227331D3,United States,United States,Full-Time,DATA EXPIRED,United States,Female,No,Black/African American,Black,,,,,,,
219,RETURNED,5721042640038758116,5ffc58ab5ad9d903caa52644,RETURNED,2021-01-11 13:54:55,,256195.5233,25.0,319,3,99,,,CONSENT REVOKED,CONSENT REVOKED,CONSENT REVOKED,CONSENT REVOKED,CONSENT REVOKED,CONSENT REVOKED,CONSENT REVOKED,CONSENT REVOKED,,,,,General,Black,White,Total
220,Paid,-123756536903926967,5ffc58b0adbaca03c01c2ae9,AWAITING REVIEW,2021-01-11 13:54:56,2021-01-11 14:07:38,761.816,27.0,582,8,98,,227331D3,China,United States,Full-Time,Chinese,United States,Male,No,Black/African American,White,,191.0,Black/Afican American,31,33,31,95
221,RETURNED,6212328972330284183,5ffc58c2080dc103becf6494,RETURNED,2021-01-11 13:55:22,,256168.5029,66.0,553,6,97,,,CONSENT REVOKED,CONSENT REVOKED,CONSENT REVOKED,CONSENT REVOKED,CONSENT REVOKED,CONSENT REVOKED,CONSENT REVOKED,CONSENT REVOKED,,,97.0,White/Caucasian,31,33,32,96
222,Paid,-5364307586023123,5ffc58ca4f1cda03d3311904,AWAITING REVIEW,2021-01-11 13:55:23,2021-01-11 15:20:36,5113.762,63.0,95,1,100,,227331D3,United States,United States,"Not in paid work (e.g. homemaker', 'retired or disabled)",DATA EXPIRED,United States,Female,No,Black/African American,General,,94.0,Total,62,66,63,191
223,Paid,6269766400798090973,5ffc5a4c738c92000ac45e86,AWAITING REVIEW,2021-01-11 14:01:49,2021-01-11 14:28:57,1628.219,35.0,22,0,100,,227331D3,DATA EXPIRED,United States,Full-Time,DATA EXPIRED,United States,Female,No,Black/African American,Black,,,,,,,
224,Paid,6886896629448351917,5ffc5aa9e8c3f8000a989593,AWAITING REVIEW,2021-01-11 14:03:21,2021-01-11 14:27:15,1434.179,30.0,41,0,100,,227331D3,DATA EXPIRED,United States,Full-Time,DATA EXPIRED,United States,DATA EXPIRED,No,Black/African American,White,,,,,,,
225,Paid,5882525003076130819,5ffc6cecbbdae3043c87af88,AWAITING REVIEW,2021-01-11 15:22:36,2021-01-11 15:34:08,691.68,22.0,353,1,100,,227331D3,United States,United States,Part-Time,English,United States,Female,Yes,Black/African American,Black,,,,,,,
226,Paid,7849420519231914751,5ffc7624f2b4fa07fad56f6b,AWAITING REVIEW,2021-01-11 16:01:31,2021-01-11 16:10:43,552.227,28.0,897,1,100,,227331D3,United States,United States,Full-Time,English,United States,Male,No,Black/African American,,,,,,,,
227,RETURNED,-6396431069695817164,605b9cf3a1396c27f4342a5e,RETURNED,2021-03-24 20:11:35.415000,,67243.376612,30.0,70,0,100,,,CONSENT REVOKED,CONSENT REVOKED,CONSENT REVOKED,CONSENT REVOKED,CONSENT REVOKED,CONSENT REVOKED,CONSENT REVOKED,CONSENT REVOKED,,,,,,,,
228,RETURNED,8190234480206971356,605b9f5303d67ed9e138f508,RETURNED,2021-03-24 20:21:46.562000,,66632.229765,21.0,402,1,100,,,CONSENT REVOKED,CONSENT REVOKED,CONSENT REVOKED,CONSENT REVOKED,CONSENT REVOKED,CONSENT REVOKED,CONSENT REVOKED,CONSENT REVOKED,,,,,,,,
229,RETURNED,-7095374902676191386,605b9f541a8bdf8e80ad7cbe,RETURNED,2021-03-24 20:22:52.593000,,66566.198818,28.0,448,2,100,,,CONSENT REVOKED,CONSENT REVOKED,CONSENT REVOKED,CONSENT REVOKED,CONSENT REVOKED,CONSENT REVOKED,CONSENT REVOKED,CONSENT REVOKED,,,,,,,,
230,RETURNED,-6133527185787585001,605ba57006f53c0088d11404,RETURNED,2021-03-24 20:47:58.662000,,65060.129861,59.0,279,1,100,,,CONSENT REVOKED,CONSENT REVOKED,CONSENT REVOKED,CONSENT REVOKED,CONSENT REVOKED,CONSENT REVOKED,CONSENT REVOKED,CONSENT REVOKED,,,,,,,,
231,RETURNED,8926237723641996296,605ba87c77f65ca7d41bf254,RETURNED,2021-03-24 21:00:47.819000,,64290.972902,29.0,488,1,100,,,CONSENT REVOKED,CONSENT REVOKED,CONSENT REVOKED,CONSENT REVOKED,CONSENT REVOKED,CONSENT REVOKED,CONSENT REVOKED,CONSENT REVOKED,,,,,,,,
232,RETURNED,8205780175062441046,605baa323a714c998027dee9,RETURNED,2021-03-24 21:13:38.280000,,63520.511942,29.0,29,0,100,,,CONSENT REVOKED,CONSENT REVOKED,CONSENT REVOKED,CONSENT REVOKED,CONSENT REVOKED,CONSENT REVOKED,CONSENT REVOKED,CONSENT REVOKED,,,,,,,,
233,Paid,-5637110127577177045,605baa5cb7c070961a48ca67,AWAITING REVIEW,2021-03-24 21:09:06.332000,2021-03-24 21:17:27.866000,501.534,30.0,384,2,100,,227331D3,United States,United States,DATA EXPIRED,DATA EXPIRED,United States,Male,DATA EXPIRED,White/Caucasian,Black,,,,,,,
234,Paid,-63869500475972794,605baa6fad8b7bd0baa5349f,AWAITING REVIEW,2021-03-24 21:09:06.906000,2021-03-24 21:17:20.928000,494.022,29.0,236,3,99,,227331D3,Germany,United States,Full-Time,English,United States,Female,Yes,White/Caucasian,Black,,,,,,,
235,Paid,-3163026938070948926,605bab24781e9b8f78858a6e,AWAITING REVIEW,2021-03-24 21:12:06.817000,2021-03-24 21:22:54.972000,648.155,27.0,17,0,100,,227331D3,United States,United States,Part-Time,,United States,Female,Yes,White/Caucasian,Black,,,,,,,
236,Paid,5051459247435684771,605bac9f1eaa0ad4dd8df8b0,AWAITING REVIEW,2021-03-24 21:18:27.059000,2021-03-24 22:11:34.316000,3187.257,32.0,530,3,100,,227331D3,United States,United States,"Not in paid work (e.g. homemaker, retired or disabled)",English,United States,Male,No,White/Caucasian,Black,,,,,,,
237,Paid,5074267717882021412,605bae9a711662e30b322df7,AWAITING REVIEW,2021-03-24 21:27:19.919000,2021-03-24 21:39:13.191000,713.272,45.0,820,1,100,,227331D3,United States,United States,Full-Time,English,United States,Female,No,White/Caucasian,White,,,,,,,
238,Paid,9054519586873834940,605baef3a3c837d5187324b6,AWAITING REVIEW,2021-03-24 21:28:28.885000,2021-03-24 21:44:02.916000,934.031,20.0,487,0,100,,227331D3,United States,United States,Unemployed (and job seeking),English,United States,Male,Yes,White/Caucasian,White,,,,,,,
239,RETURNED,-5417921155375659811,605bb201f6b500f8f3544dbd,RETURNED,2021-03-24 21:41:31.815000,,61808.259123,60.0,1416,0,100,,,CONSENT REVOKED,CONSENT REVOKED,CONSENT REVOKED,CONSENT REVOKED,CONSENT REVOKED,CONSENT REVOKED,CONSENT REVOKED,CONSENT REVOKED,,,,,,,,
240,RETURNED,7718712150161633950,605bb2287859be74d52804d6,RETURNED,2021-03-24 21:42:05.348000,,61774.726218,50.0,588,1,100,,,CONSENT REVOKED,CONSENT REVOKED,CONSENT REVOKED,CONSENT REVOKED,CONSENT REVOKED,CONSENT REVOKED,CONSENT REVOKED,CONSENT REVOKED,,,,,,,,
241,Paid,9096268584237006851,605bb6746b287f99e0ca24c2,AWAITING REVIEW,2021-03-24 22:00:23.006000,2021-03-24 22:19:18.360000,1135.354,55.0,17,0,100,,227331D3,United States,,Other,,United States,Male,No,White/Caucasian,White,,,,,,,
242,Paid,-2590467678302262795,605bb783a231c7a37b2b5421,AWAITING REVIEW,2021-03-24 22:04:55.926000,2021-03-24 22:15:04.437000,608.511,25.0,274,0,100,,227331D3,United States,United States,Unemployed (and job seeking),DATA EXPIRED,United States,Male,No,White/Caucasian,White,,,,,,,
243,Paid,-6217216131627743931,605ba6d0027a6e81645edd67,AWAITING REVIEW,2021-03-24 21:01:06.529000,2021-03-24 21:16:50.352000,943.823,20.0,336,5,97,,227331D3,United States,United States,Other,English,United States,Female,Yes,Black/African American,Black,,,,,,,
244,Paid,-3846987590546634818,605ba6fe41f2f10add2bcfbb,AWAITING REVIEW,2021-03-24 20:54:25.236000,2021-03-24 21:24:33.927000,1808.691,35.0,334,2,100,,227331D3,United States,United States,"Not in paid work (e.g. homemaker', 'retired or disabled)",English,United States,Female,No,Black/African American,Black,,,,,,,
245,RETURNED,2066940162637337397,605bb178882e2353fd91ba47,RETURNED,2021-03-24 21:39:32.303000,,61960.44808,35.0,5,0,100,,,CONSENT REVOKED,CONSENT REVOKED,CONSENT REVOKED,CONSENT REVOKED,CONSENT REVOKED,CONSENT REVOKED,CONSENT REVOKED,CONSENT REVOKED,,,,,,,,
246,Paid,-6464500739418218406,605bb2a4bbfa2e248fa1f086,AWAITING REVIEW,2021-03-24 21:44:11.476000,2021-03-24 22:07:02.753000,1371.277,18.0,4,0,100,,227331D3,United States,United States,,,United States,Female,Yes,Black/African American,General,,,,,,,
247,Paid,-1803448600845448055,605ba2713ecfbba5fe930fe4,AWAITING REVIEW,2021-03-24 20:35:00.368000,2021-03-24 20:42:32.454000,452.086,49.0,530,3,100,,227331D3,United States,United States,Unemployed (and job seeking),English,United States,Male,No,White/Caucasian,General,,,,,,,
248,RETURNED,-5759733791014892005,605bab09f25634d0b526c2d0,RETURNED,2021-03-24 21:11:48.208000,,63608.190927,45.0,544,0,100,,,CONSENT REVOKED,CONSENT REVOKED,CONSENT REVOKED,CONSENT REVOKED,CONSENT REVOKED,CONSENT REVOKED,CONSENT REVOKED,CONSENT REVOKED,,,,,,,,
